{
	"class_name" : "PinholeCameraParameters",
	"extrinsic" : 
	[
		-0.1400677424575586,
		-0.024678046875876554,
		0.98983434044552887,
		0.0,
		-0.98888029496237262,
		-0.046963137273987661,
		-0.14110360014016504,
		0.0,
		0.049967887267464345,
		-0.99859173726792705,
		-0.017825613657020189,
		0.0,
		4608199.2212000201,
		226829.3967285688,
		222249.55708791208,
		1.0
	],
	"intrinsic" : 
	{
		"height" : 1061,
		"intrinsic_matrix" : 
		[
			918.85295341528945,
			0.0,
			0.0,
			0.0,
			918.85295341528945,
			0.0,
			959.5,
			530.0,
			1.0
		],
		"width" : 1920
	},
	"version_major" : 1,
	"version_minor" : 0
}