{
	"class_name" : "PinholeCameraParameters",
	"extrinsic" : 
	[
		0.6132970358833697,
		0.15268002849878565,
		0.77495519526891554,
		0.0,
		-0.72685438825051674,
		-0.27487540416529677,
		0.62938558171118919,
		0.0,
		0.30911073106192877,
		-0.94927989606994989,
		-0.05760412189926345,
		0.0,
		3077814.0928858197,
		1198288.3144934075,
		-3228115.0996671799,
		1.0
	],
	"intrinsic" : 
	{
		"height" : 1061,
		"intrinsic_matrix" : 
		[
			918.85295341528945,
			0.0,
			0.0,
			0.0,
			918.85295341528945,
			0.0,
			959.5,
			530.0,
			1.0
		],
		"width" : 1920
	},
	"version_major" : 1,
	"version_minor" : 0
}